Politikbereich,Zweck
Verkehr,nord süd tangente linie bpu
Bildung,gedenken mauerfall
Stadtentwicklung,lernen logo bildungsnetzwerk hellersdorfer promenade
Jugend,kind jugendambulanz
Jugend,therapiebad
Integration,stadtteilmütter neukölln
Jugend,ausbau familienzentrum
Jugend,machbarkeitsstudie queeres jugendzentrum
Jugend,dorf hoffnung
Jugend,projekttage vielfältig freiwillig
Bildung,sprachschulungen aktive gropiusstädter
Wirtschaft,elektrofahrzeug
Integration,begleitprogramm learning by doing
Familie,kinderbildungscafe
Jugend,service learning
Stadtentwicklung,bildungs öffentlichkeitsarbeit gemeinwohlorientierte stadtentwicklung gemeinwohlorientierte bildungs öffentlichkeitsarbeit gemeinwohlorientierte stadtentwicklung
Stadtentwicklung,sachmittel freiwillig engagement nachbarschaften
Jugend,erziehungs familienberatungsstellen
Integration,fit schule projekt förderung sprachentwicklung vorschulkindern fein
Bildung,beschaffung lernmittel gemäß absatz schulg freier schule ann sophie grundschule
Kultur,subculture berlin
Jugend,kontakt beratungsstelle sleepin kub
Arbeit,landeszuschuss kmu lohnkostenzuschuss futterhaus berlin gmbh kompanie kg
Jugend,kita gesetz ausgestaltung pädagogisch raum barrierefreiheit gesundheitsförderung
Arbeit,landeszuschuss kmu lohnkostenzuschuss girasoles sonnenblumen eingetragen verein
Arbeit,lohnkostenzuschuss girasoles sonnenblumen eingetragen verein
Jugend,filmreihe diskussion
Kultur,ausstellung kunst treffen industrie industrie treffen kunst industriesalon
Wirtschaft,personal sachkosten öffentlichkeitsarbeit rahmen entwicklung highlights industriekultur schöneweide
Kultur,ausstellung schöner strom einzug elektrizität historische puppenstuben
Denkmalschutz,tour arbeit
Kultur,digitalisierung online präsentation technische fotoarchivs ehemalig werk fernsehelektronik berlin oberschöneweide
Arbeit,fav hilfskraft bereich unterstützung hausmeistertätigkeit handwerklich hilfsarbeiten
Arbeit,fav technisch mitarbeit bürohilfe
Arbeit,hilfskraft bereich unterstützung hausmeistertätigkeit handwerklich hilfsarbeiten
Arbeit,integrationsassistenten migrantengruppen
Arbeit,technisch mitarbeit bürohilfe
Arbeit,unterstützung ehrenamtlich arbeit kultschule
Wirtschaft,ladeinfrastruktur
Soziales,kältehilfe
Soziales,kältehilfe
Soziales,notübernachtung
Soziales,notübernachtung kältehilfe
Gesundheit,apg projektnr apg mh projekt janz nah draussen
Jugend,baul maßnahme schaffung platz kitaausbauprogramm
Gleichstellung,öffentlichkeitsarbeit beschaffung
Verkehr,radfahrtrainings geflüchtete frau
Wirtschaft,errichtung betriebsstätte
Wissenschaft,sonstige zuschuß konsumtive zweck inland kompensation miete umbau infrastrukturflächen
Sport,kosten beschäftigung hauptberuflich trainer schwerpunkt kind jugendsport
Sport,kosten beschäftigung übungsleitern
Sport,vereinsentwicklungsprogramm
Sport,fördervereinbarung förderung jugendwettkampfsports
Sport,masterplan integration sicherheit sport
Stadtentwicklung,trainingscamp herbstferien
Sport,schaffung gut trainingsbedingungen jugendarbeit fc lübars bvv sondermittel
Bildung,profivereine kita bewegungs sportförderung kita
Bildung,profivereine schule bewegungs sportförderung grundschulen
Sport,kosten beschäftigung hauptberuflich verwaltungskräften sportverbänden vereinen
Sport,kosten beschäftigung hauptberuflich trainerinnen trainer schwerpunkt kind jugendsport
Sport,teilhabeprogramm inklusionsbogensport
Sport,fördervereinbarung leistungssportförderung
"Bürgerschaftliches Engagement, Bürgerbeteiligung",neuanlage steingarten neubepflanzung hecke
Sport,sondermittelantrag nummer
Sport,sport park
Stadtentwicklung,samstagsveranstaltung
Sport,masterplan sportangebote geflüchtete mensch
Sport,durchführung projektes sport park
Integration,sport integration flüchtlingssport leichtathletik
Sport,masterplan integration flüchtlingssport leichtathletik
Sport,parksport laufen marzahn
Sport,kosten beschäftigung hauptberuflich verwaltungskräften sportverbänden vereinen projekt
Wirtschaft,digitalprämie berlin
Wirtschaft,unterstützung aufbauphase existenzgründungen startups
Arbeit,lohnkostenzuschuss prozent ug haftungsbeschränkt
Wirtschaft,realisierungsberatung
Wirtschaft,automatisiert flächenrückführung vernetzung anatomisch struktur
"Kirchen, Religions-, Weltanschauungsgemeinschaften",interreligiöse werkstatt
"Kirchen, Religions-, Weltanschauungsgemeinschaften",buchprojekt
Wirtschaft,entwicklung vermarktung anwendung bereich data mining for people analytics
Wirtschaft,forschungsarbeiten bereich data mining for peopleanalytics
Wirtschaft,km film diskussionsreihe
Wirtschaft,außerschulische bildung projekt km de kolonial
Bildung,jugendforschungsschiff
Wirtschaft,plug hybrid
Wirtschaft,traffic optimizer innovative entwicklungsprogrammierung it software unternehmen netzwerke online marketing
Wirtschaft,entwicklung it software clickshield basieren cloudtechnologien ziel hoch kosteneinsparungen unternehmen online marketing
Arbeit,landeszuschuss kmu lohnkostenzuschuss wheelsu gmbh
Wirtschaft,erforschung implementierung emotionstragender linguistischer struktur produktbeschreibungen
Wirtschaft,erforschung implementierung key facts produktbeschreibungen
Wirtschaft,entwicklung technologisch infrastruktur innovative textgenerierung datum business intelligence
Wirtschaft,erforschung algorithmen analyse finanzmarktdaten textgenerierung btxt
Arbeit,lohnkostenzuschuss wheelsu gmbh
Stadtentwicklung,nachbarschaftswerkstatt
"Kirchen, Religions-, Weltanschauungsgemeinschaften",durchführung deutsche evangelische kirchentages berlin
"Kirchen, Religions-, Weltanschauungsgemeinschaften",durchführung evangelische kirchentages berlin
"Kirchen, Religions-, Weltanschauungsgemeinschaften",mitfinanzierung regionale kulturprogrammes landeskirche rahmen deutsche evangelische kirchentages berlin programmkosten juriert programm
Wirtschaft,plug hybrid
Wirtschaft,erweiterung betriebsstätte
Kultur,open house atelierhaus flutgraben november
Kultur,veranstaltungsreihe projekt
Wirtschaft,coaching
Wirtschaft,messe integrated system europe amsterdam nl
Wirtschaft,messeteilnahme integrated system europe amsterdam nl
Wirtschaft,eurocis düsseldorf
Wirtschaft,integrated system amsterdam
Wirtschaft,integrated system europe amsterdam
Wirtschaft,integrated system europe barcelona
Wirtschaft,natürliche sprachdialog steuerung orientierungs wegeleitsysteme
Wirtschaft,integrated system europe amsterdam
Wirtschaft,technologie wissenstransfer
Wirtschaft,coaching
Wirtschaft,coaching
Wirtschaft,coaching
Arbeit,lohnkostenzuschuss pc gmbh kommunikation
Kultur,plattform vernetzung solidarität geschlossen kultureinrchtungen
Wirtschaft,produktdesigner implementierung umsetzung kontinuierlich entwicklungsprozesses digitale produkt
Wirtschaft,erweitert produkt wachstumsstrategie bereich content management system entwickeln technologie fokus geschäftsprozesse modelle
Wirtschaft,erweitert produkt wachstumsstrategie bereich künstliche intelligenz entwickeln technologie fokus softwareentwicklung beratung
Wirtschaft,aufbau ablauforganisatorische umsetzung controllingsystems
Wirtschaft,entwicklung einführung produktbezogenen kommunikations marketingstrategie bb bereich
Wirtschaft,smart d printing
Wirtschaft,smart d printing
Wirtschaft,entwicklung druckbarkeitsanalyse plugins white label feature markteinführung
Wirtschaft,erforschung automatisch d druckbarkeitsanalyse mehrfarbige d modell
Wirtschaft,machbarkeitsuntersuchungen sicht architekturmodellbaus d druckverfahren
Kultur,atonal
Kultur,atonal
Kultur,berlin atonal
Kultur,projekt atonal
Kultur,berlin atonal
Kultur,berlin atonal
Wirtschaft,gccm europe london
Wirtschaft,itw chicago usa
Wirtschaft,gccm europe london
Wirtschaft,international telecoms week euromoney institutional investor plc london
Wirtschaft,gccm london
Wirtschaft,teilnahme gccm europe /london
Wirtschaft,global carrier community meeting gccm berlin
Wirtschaft,bigdata logistik multiskale kombinatorische optimierungsmethoden logiscale
Wirtschaft,aufbau prozessorganisatorische umsetzung leitwarte rahmen technisch betriebsführung windenergieanlagen
Wirtschaft,entwicklung interdisziplinär windenergie datenbanksystems verknüpfung intelligent auswertung unternehmensinterner frei zugänglich datum unterschiedlich quelle unterschiedlich datentyps
Wirtschaft,potenzialberatung
Wirtschaft,entwicklung automatisieren scoutingprozess trend identifizieren bestehend trend monitoren
Wirtschaft,einführung zertifizierten verfahren itil information technology infrastructure library
Wirtschaft,ux ui design serviceplattform yourfinance
Wirtschaft,user interface design corporate design markenstrategie
Wirtschaft,multi sensorsystem akustik ki
Wirtschaft,moke lese magnettonspuren hilfe magneto optisch kerr effekt
Wirtschaft,entwicklung digital workshop konzept enduser bereich produktion inkl. zugehörig mobil applikation
Wirtschaft,wvsc ea elektrische antriebstechnik
Wirtschaft,machine learning basiert prognose verkauf
Wirtschaft,machine learning basieren vorhersage preiselastizitäten
Wirtschaft,weiterentwicklung meditationstrainings app
Kultur,konzertreihe salon oblique
Kultur,inside joy
Kultur,technisches equipment
Kultur,synästhesie iv
Wirtschaft,produktdesign robust smartphonebasiertes auswertegerät schnelltestsysteme
Wirtschaft,wissenschaftlich untersuchung konstruktion spezifisch analysegerätes auswertung lateral flow assays schnelltestsysteme
Wirtschaft,layerjs editor ui konzept
Wirtschaft,skalierbarer data stack kmu
Wirtschaft,automatisierung erweiterung innenausstattungsplattform chairs automated chairs
Wirtschaft,automatisierung erweiterung innenausstattungsplattform chairs automated chairs
Arbeit,lohnkostenzuschuss designs gmbh
Integration,join berufsbezogene deutsch förderung geflüchteter
Arbeit,ausbildung sicht deutsch berufsorientierung junge migrantinnen
Arbeit,ausbildung sicht deutsch berufsorientierung junge neu berlinerinnen
Arbeit,fav integrationslotsen unterstützung integrationsaktivitäten
Arbeit,fav kunst kultur media naturaktivitäten kind
Arbeit,fav projekthelfer zusätzlich angebot bezirklichen projektarbeit
Arbeit,fav projekthelfer biologie station dathe oberschule
Arbeit,gästeführer stadtführer
Arbeit,integrationslotsinnen migrantinnen neu zugewandert geflüchtete mensch
Arbeit,online marketing social media integriert deutsch förderung
Arbeit,online marketing social media integriert deutsch förderung
Arbeit,schneider mode design integriert deutsch förderung
Arbeit,veranstaltungsmanagement integriert deutsch förderung
Arbeit,vorbereitung erzieherberufe integriert deutsch förderung
Arbeit,erziehung soziales integriert deutsch förderung
Arbeit,event management integriert deutsch förderung
Arbeit,integrationslotsen unterstützung integrationsaktivitäten
Arbeit,join berufsbezogene deutsch förderung geflüchteter
Arbeit,kunst kultur medium naturaktivitäten kind
Arbeit,online marketing social media integriert sprachförderung
Arbeit,projekthelfer zusätzlich angebot bezirklichen projektarbeit
Arbeit,projekthelfer biologie station dathe oberschule
Arbeit,schneider modedesign integriert sprachförderung
Arbeit,tourismus gaststättengewerbe integriert deutsch förderung
Kultur,dancing b l ack dada
Umwelt,nachhaltig gesund interkulturelles wasserprojekt donaukiez
Wirtschaft,innovative babysauger lucky lulli entwickeln marktreife bringen optimierung form materialtests produktionsverfahren k spritzguss prüfen
Arbeit,besondere zielgruppen insbesondere junge flüchtling deutsch berufsorientierung
Arbeit,deutsch berufsorientierung junge geflüchteter
Arbeit,deutsch berufsorientierung junge migrantinnen
Arbeit,erziehung soziales + deutsch
Arbeit,event kulturmanagement + deutsch
Arbeit,gastgewerbe tourismus + deutsch
Arbeit,heilberufe pflege + deutsch
Arbeit,online marketing social media + deutsch
Arbeit,besondere zielgruppen insbesondere junge flüchtling deutsch berufsorientierung junge geflüchteter
Arbeit,sprache orientierung ausbildung deutsch berufsorientierung junge migrant*innen
Arbeit,sprache orientierung ausbildungsreife deutsch berufsorientierung junge migrantinnen
Arbeit,kunst kultur media naturaktivitäten kind
Arbeit,erziehung pflege soziales + deutsch
Arbeit,ausbildungsreife schulabschluss erweitert berufsbildungsreife
Arbeit,sprache orientierung ausbildungsreife deutsch berufsorientierung junge migrant*innen
Wirtschaft,entwicklung verfahren herstellung eisenhaltiger proteinpartikel hanfprotein
Arbeit,landeszuschuss kmu lohnkostenzuschuss a.a.a. thilos gmbh
Arbeit,lohnkostenzuschuss a.f.a.s. security service gmbh
Wirtschaft,entwicklung neu systemanwendungen elektrotechnisch gebäudebeheizung berücksichtigung verändern strommixes grün bzw. konventionell grau energie
Wirtschaft,absichtserkennung sprachtrendanalyse generierung formulierungsvarianten
Wirtschaft,entwicklung innovativ cloud basieren middleware sprachautomatisierung
Wirtschaft,aufbau innovativ vertriebsplattform rahmen skalierungsinitiative
Wirtschaft,entwicklung reinforcement learning system effizient nutzung produktivdaten
Wirtschaft,sprachmodelle self service tool
Wirtschaft,einführung komposit dialogentwicklung
Wirtschaft,übertragung künstlich intelligenz sprache
Wirtschaft,evaluierung markteintritts frankreich
Wirtschaft,gestaltung einführung partizipativen zielsetzungsmechanismus
Wirtschaft,aaron automatisiert kundeninteraktion
Wirtschaft,aaron matchmaking tool v
Kultur,world at noon
Kultur,world od noon
Kultur,basisförderung bildende kunst
Wirtschaft,kontinuierlich dokumentation zertifizierung software medizinprodukt sicherstellung konformität regulatorischen anforderung digital gesundheitsanwendung diga
Arbeit,girlsatec mädchen erobern technische beruf
Arbeit,girlsatec mädchen erobern technische beruf
Arbeit,zusatzqualifikationen digitale kompetenz weiterbildung
Arbeit,girlsatec junge frau erobern technische beruf
Arbeit,girlsatec mädchen erobern technische beruf
Arbeit,teste technik schraube beruflich zukunft
Arbeit,transferstelle zusatzqualifikation digitale kompetenz auszubildende ausbildungspersonal
Wirtschaft,ausbau abb weiterbildungszentrums berlin haus lessingstraße berlin abb ausbildungszentrum berlin ggmbh
Wirtschaft,ergänzende ausstattung abb weiterbildungszentrums berlin abb ausbildungszentrum berlin ggmbh lessingstraße berlin
Wirtschaft,ergänzende ausstattung weiterbildungszentrums berlin abb ausbildungszentrum berlin ggmbh lessingstraße berlin
Arbeit,deutsch beruf basisqualifikation pflege
Arbeit,nachträglicher erwerb mittlere schulabschlusses
Arbeit,nachträglicher erwerb mittlere schulabschlusses junge mutter
Arbeit,qualifizierung beschäftigung deutsch beruf basisqualifizierung
Arbeit,qualifizierung beschäftigung nachträglicher erwerb msa
Arbeit,qualifizierung beschäftigung nachträglicher erwerb msa junge mutter
Arbeit,qualifizierung beschäftigung nachträglicher erwerb msa erhöht betreuungsbedarf
Arbeit,vorbereitung ausbildung sozialassistent sozialassistentin
Arbeit,nachträglicher erwerb mittlere schulabschlusses junge mutter vater
Arbeit,nachträglicher erwerb msa
Arbeit,vorbereitung ausbildung sozialassistenten sozialassistentin
Arbeit,nachträglicher erwerb msa schwerpunkt überwindung prüfungsangst
Arbeit,nachträglicher erwerb msa naturwissenschaftlicher ausrichtung
Arbeit,nachträglicher erwerb mittlere schulabschlusses junge geflüchteter
Arbeit,nachträglicher erwerb mittlere schulabschlusses junge mensch migrationshintergrund
Arbeit,nachträglicher erwerb mittlere schulabschlusses junge mutter alleinerziehende
Arbeit,nachträglicher erwerb mittlere schulabschlusses naturwissenschaftlicher ausrichtung
Arbeit,nachträglicher erwerb msa geflüchteter
Arbeit,basisqualifizierung pflegemit schwerpunkt arbeit demenzkranken
Jugend,treffpunkt beratungs dokumentationsstelle mensch heimerfahrung
Wirtschaft,untersuchung eignung ultraschall zerstäubung infrarot trocknung trocknen lösung befindliche mikroorganismen
Wirtschaft,organisation durchführung veranstaltung loop
Antidiskriminierung,abqueer
Antidiskriminierung,aufklärungs bildungsarbeit lsbtiq lebensweisen
Integration,sprachcafé
Wirtschaft,technologietransfer effektiv regenerierung schaltschiebern
Wirtschaft,keramisierung zylinderbohrungen schaltschieber hydraulisch steuersystem verschlissen automatikgetrieben
Arbeit,absent friends eingetragen verein
Wirtschaft,implementierung template system stellenanzeigen abwicklung kernproduktes stellenanzeige entscheiden vereinfachen
Soziales,sondermittel bvv weihnachtsfeier ser bezirksgruppe spandau
Arbeit,betreuungsassistent abt kurs bea
Arbeit,fachkraft sicherheitsdienstleistungen abt kurs sfk
Arbeit,fachkraft sicherheitsdienstleistungen abt kurs sfk
Arbeit,fachkraft sicherheitsdienstleistungen abt kurs sfk
Arbeit,pflege betreuungsassistent abt kurs akp
Arbeit,qualifizierung beschäftigung fachkraft sicherheitsdienstleistungen abt kurs sfk
Arbeit,sozialassistent familie schwerpunkt kinderbetreuung pflegen abt kurs kib
Arbeit,sozialassistent familie schwerpunkt kinderbetreuung pflegen abt kurs kib
Arbeit,assistent kinderbetreuung pflegen abt kurs kib
Arbeit,assistent kinderbetreuung pflegen kib
Arbeit,betreuungsassistent abt kurs bea
Arbeit,betreuungsassistent bea
Arbeit,fachkraft sicherheitsdienstleistungen abt kurs sfk
Arbeit,fachkraft sicherheitsdienstleistungen abt kurs sfk
Arbeit,fachkraft sicherheitsdienstleistungen abt kurs sfk
Arbeit,fachkraft sicherheitsdienstleistungen abt kurs sfk
Arbeit,pflege betreuungsassistent abt kurs akp bea
Arbeit,pflege betreuungsassistent abt kurs akp
Arbeit,assistent kinderbetreuung pflegen abt kurs kib
Arbeit,assistent kinderbetreuung pflegen abt kurs kib
Arbeit,assistent kinderbetreuung pflegen abt kurs kib
Arbeit,fachkraft sicherheitsdienstleistungen abt kurs sfk
Arbeit,fachkraft sicherheitsdienstleistungen abt kurs sfk
Arbeit,fachkraft sicherheitsdienstleistungen abt kurs sfk
Arbeit,fachkraft sicherheitsdienstleistungen abt kurs sfk
Arbeit,pflege betreuungsassistent abt kurs akp bea
Arbeit,pflege betreuungsassistent abt kurs akp bea
Arbeit,assistent kinderbetreuung pflegen abt kurs kib
Arbeit,assistent kinderbetreuung pflegen erzieherhelfer abt kurs kib
Arbeit,assistent kinderbetreuung pflegen erzieherhelfer abt kurs kib
Arbeit,assistent kinderbetreuung pflegen erzieherhelfer abt kurs kib
Arbeit,fachkraft wach sicherheitsdienste abt kurs sfk
Arbeit,fachkraft wach sicherheitsdienste abt kurs sfk
Arbeit,fachkraft wach sicherheitsdienste abt kurs sfk
Arbeit,fachkraft wach sicherheitsdienste sfk
Arbeit,pflege betreuungsassistent abt kurs akp bea
Arbeit,assistent kinderbetreuung pflegen erzieherhelfer abt kurs kib
Arbeit,assistent kinderbetreuung pflegen erzieherhelfer abt kurs kib
Arbeit,assistent pflege betreuung alltagsbegleitung abt kurs pba bea
Arbeit,fachkraft wach sicherheitsdienste abt kurs sfk
Arbeit,fachkraft wach sicherheitsdienste abt kurs sfk
Arbeit,fachkraft wach sicherheitsdienste abt kurs sfk
Arbeit,fachkraft wach sicherheitsdienste abt kurs sfk
Bildung,erfüllung einrichtung beantragen anschubfinanzierung f. gründung bezirkl alphabündnisses berlin marzahn hellersdorf
Arbeit,ausbildung jung erwachsener nachqualifizierung
Arbeit,bapp verbund
Arbeit,bapp verbund
Arbeit,berliner jobcoaching berliner jobcoaching
Arbeit,berliner jobcoaching
Arbeit,bvbo rudolf virchow schule klasse m
Arbeit,bvbo friedrich
Arbeit,bvbo friedrich
Arbeit,bvbo friedrich
Arbeit,bvbo hecker
Arbeit,bvbo hecker
Arbeit,bvbo hecker
Arbeit,bvbo kerschensteiner
Arbeit,bvbo mozart
Arbeit,bvbo mozart
Arbeit,bvbo sartre
Arbeit,bvbo virchow
Arbeit,bvbo virchow
Arbeit,bvbo virchow
Arbeit,bvbo wachsmann
Arbeit,bvbo wachsmann
Arbeit,bvbo caspar david friedrich schule klasse m
Arbeit,bvbo caspar david friedrich schule klasse m
Arbeit,bvbo caspar david friedrich schule klasse m
Arbeit,bvbo kerschensteiner schule klasse m
Arbeit,bvbo konrad wachsmann schule klasse
Arbeit,bvbo konrad wachsmann schule klasse
Arbeit,bvbo konrad wachsmann schule klasse
Arbeit,bvbo rudolf virchow schule klasse m
Arbeit,bvbo rudolf virchow schule klasse m
Arbeit,bvbo rudolf virchow schule klasse m
Arbeit,bvbo wolfgang a. mozart schule klasse m
Arbeit,bvbo wolfgang a. mozart schule klasse
Arbeit,bvbo hecker
Arbeit,bvbo mozart
Arbeit,bvbo kerschensteiner
Arbeit,kerschensteiner bvbo
Arbeit,l bapp verbund
Arbeit,l bapp verbund
Bildung,praxislerngruppen
Integration,fahrradkurs geflüchtete frau zwecks förderung selbständigkeit stärkung selbstbewustseiens
Gleichstellung,frauenladen projekt
Gleichstellung,frauenladen projekt
Gleichstellung,frauenladen projekt
Integration,förderung arbeitsmarktintegration zugewandert mensch
Jugend,körper seele
Soziales,interkulturelle öffnung
Soziales,sozial integration vietnamesinnen treptow köpenick
Soziales,spätaussiedlerberatung migranten seniorenarbeit
Integration,föderung arbeitsmarktintegration zugewandert mensch
Frauen,frauenladen kurs prüfung juni
Frauen,frauenladen
Frauen,frauenladen
Jugend,berufliche qualifizierung
Jugend,mietkostenzuschuss nachschlag
Jugend,nachschlag berufliche qualifizierung sozial benachteiligt jugendlicher
Bildung,erfüllung einrichtung beantragen anschubfinanzierung f. gründung bezirkl alphabündnisses berlin charottenburg wilmersdorf
Familie,flat family stadtteilmütter
Gleichstellung,frau bqb land zusätzliche landesmittel
Gleichstellung,frau existenzgründungskurse goldrausch künstlerinnenprojekt
Gleichstellung,frau ouq frauenladen kurs prüfung juni
Gleichstellung,frau ouq frauenladen kurs prüfung november
Gleichstellung,frau ouq frauenladen kurs prüfung juni
Gleichstellung,frauenladen kurs prüfung juni
Gleichstellung,frauenladen projekt
Gleichstellung,frauenladen projekt
Gleichstellung,frauenladen
Gleichstellung,frauenladen projekt
Gleichstellung,frauenladen_finanzierung kosten unterrichtsfreier
Verkehr,beschaffung e lastenrad
Arbeit,landeszuschuss kmu lohnkostenzuschuss acar batur lebensmittel ohg
Forschung,institutionelle förderung rahmen gemeinschaftsfinanzierung
Wirtschaft,konzeptionierung umsetzung auktionsmechanismus reportingsystems risiko compliance monitoring
Wirtschaft,konzeptionierung umsetzung dokumentation pricing mechanismus
Wirtschaft,analyse entwicklung erprobung blockchain technologie
Wirtschaft,entwicklung debt capital markets dcm plattform
Wirtschaft,entwicklungsunterstützung debt capital markets dcm plattform
Wirtschaft,planung entwicklung preismodells spezifisch kmu mittelständig unternehmen kredit
Arbeit,landeszuschuss kmu lohnkostenzuschuss accelero bioanalytics gmbh
Arbeit,lohnkostenzuschuss accelero bioanalytics gmbh
Wirtschaft,internationale tour handmade germany new york
Verkehr,mobileo
Verkehr,abgefahren
Verkehr,mobililli umwelttiger
Verkehr,mobilili umwelttiger
Wirtschaft,customer discovery
Kultur,||
Kultur,filmfestival
Kultur,berlin neu n null
Wirtschaft,coaching
Wirtschaft,coaching
Wirtschaft,systematisch untersuchung ordnungsgemäß betrieb pids verschieden umweltbedingungen lokalisation schwachstellen aufbau erarbeitung maßnahme ergänzung substitution relevant komponente
Verbraucherschutz,ackern schaffen integration pilotierung konsolidierung innovativ bildungsprogramms gemüseackerdemie schulde sozial brennpunkt berlin
Wirtschaft,ainn@acs plus kompetenzaufbau bereich künstlich intelligenz neuronale netz einsatz pilotprojekten
Arbeit,act gemeinsam weg
Kultur,stück friede
Kultur,heimat utopia ort
Kultur,durchführung theaterprojektwochen
Kultur,theaterprojektwoche theatrale erkundung sensibilisierung gefühlsthemen
Kultur,theaterprojektwoche
Stadtentwicklung,resonanz
Stadtentwicklung,resonanz qualität gelingend beziehungsgestaltung
Wirtschaft,integration vermarktung industrie standard digitale einzigartigkeit uniqueness ecosystem
Kultur,kunstprojekt dezentrale kulturarbeit h nk
Kultur,kulturförderung
Wirtschaft,teilnahme gamescom köln
Verkehr,öpnv fahrrad auto vs aktionstage bvg betriebshöfen
Verkehr,bike fuß sichern unterwegs
Verkehr,bike fuß sichern unterwegs
Wirtschaft,wachstum schwerpunkt internationalisierung
Wirtschaft,entwicklung implementierung ki basieren system bereich adtech facebook ads
Bildung,pädagogisches trickfilmprojekt grundschüler nachhaltig transportsystem
Umwelt,lastenrad berlin friedrichshagen
Verkehr,adfc sommer herbst checks
Verkehr,adfc frühling herbstchecks
Verkehr,fahrrad sicherheitschecks
Arbeit,qualifizierung theaterpädagog_in interkuktureller kompetenz schwerpunkt internationale beziehung
Arbeit,qualifizierung theaterpädagog_in nterkultureller kompetenz schwerpunkt internationale beziehung
Wirtschaft,signaletik app web applikation planung verwaltung nutzung leit orientierungssystemen krankenhäusern
Wirtschaft,briefing app interaktives planungstool kommunikationsmaßnahmen bereich corporate design informationsdesign signaletik
Wirtschaft,beräumung gewerbefläche flurstück rückbau gebäude
Wirtschaft,beräumung gewerbeflächen teilfläche ehemalig kohlebahnhof
Wirtschaft,beräumung erschließung gewerbegebietes gleislinse berlin schöneweide
Wirtschaft,errichtung kältenah notstromverbundes haus innovations gründerzentrums igz campus berlin buch
Wirtschaft,beräumung gewerbeflächen flurstück
Kultur,bühnenprogramm adlershofer herbstfest
Kultur,kinderfest adlershofer herbstfest
Kultur,unterstützung adlershofer herbstfest
Kultur,herbstfest adlershof bühnenprogramm
Stadtentwicklung,erneuerung gedenktafel zwangsarbeiterlager kga adlergestell
Stadtentwicklung,informationstafel ortschronisten friedhof adlershof
Arbeit,landeszuschuss kmu lohnkostenzuschuss admos gleitlager gmbh
Arbeit,lohnkostenzuschuss admos gleitlager gmbh
Wirtschaft,laserassistierte beschichtungstechnologie nachhaltig gleitlager effizient ersatz schleudergussverfahrens reduktion schwermetallgehalts lagerbronzen
Wirtschaft,evaluierung auswirkung entwicklung datengetriebenen plattform vertrieb desinfektionsmittelspendern bb markt
Wirtschaft,digital marketing exposition conference dmexco köln
Wirtschaft,entwicklung markteinführung algorithmischer hochperformanter lösung amp
Wirtschaft,erforschung algorithmischer hochperformanter lösung amp
Gesundheit,suchthilfeprojekt nokta mensch verrschiedenen kultur
Gesundheit,suchthilfeprojekt nokta mensch verschieden kultur
Wirtschaft,aufbau konfiguration dedizierten crms endkundenkommunikation mittelstandskunden advalyze
Wirtschaft,advanced audience al
Wirtschaft,advanced audience dap
Soziales,suppenküche adventhaus zehlendorf
Soziales,suppenküche adventhaus zehlendorf
Soziales,kältehilfe suppenküche adventhaus zehlendorf november märz
Soziales,kältehilfe suppenküche adventhaus zehlendorf
Sport,kauf segelflugzeuges
Wirtschaft,ax automated news
Bildung,beschaffung lernmittel schüler inenn
Bildung,beschaffung lernmittel
Wirtschaft,kongress dog berlin
Wirtschaft,internationale kongress doc nürnberg
Wirtschaft,aad kongress augenärzte jena
Wirtschaft,doc .internationaler kongress deutsche ophthalmochirurgen nürnberg
Wirtschaft,afrika neues verhältnis westen afrikanisch perspektive
Wirtschaft,angekommen berlin flucht migration afrikanisch perspektive
Wirtschaft,zukunft gestalten afrikanische perspektive entwicklungs bildungspolitisch kontext
Wirtschaft,zahl stärke junge demokratiebewegungen afrika
Wirtschaft,fluchtursachen neu betrachten afrikanisch perspektive flüchtlingsproblem
Jugend,demokratie leben fest kultur
Jugend,demokratie leben flucht vorn
Familie,bundesprogramm demokratie leben fest kultur
Familie,kofi bundesprogramm demokratie leben fest kultur
Integration,migration fokus integrationsfonds
Wirtschaft,afrikavorbilder
Wirtschaft,kenako afrika festival afrika
Wirtschaft,kenako afrika festival konsum verantwortung
Wirtschaft,migration fokus veranstaltungsreihe ausstellung
Wirtschaft,kenako afrika festival afrika global kontext
Wirtschaft,kenako afrika festival errungenschaft afrika
Wirtschaft,sdgs wanderausstellung aktionsreihe sdgs festival
Wirtschaft,kenako afrika festival perspektive ort
Sport,teilhabeprogramm projekt integration migrantinnen migranten berlin sport
Wirtschaft,african perspektiv
Wirtschaft,annäherung dialog
Wirtschaft,friede entwicklung afrika spannungsfeld religion politik
Wirtschaft,kamerun vereint stabil friedlich
Wirtschaft,kamerun weg republik
Wirtschaft,friede entwicklung sahel region
Wirtschaft,burkinafrique afrikanische perspektive friede entwicklung
Bildung,interkulturelles lernen global lernen
Bildung,berliner afro kind jugendliche suche identität berufschancen
Bildung,berliner kongokonferenz aufteilung afrika
Kultur,sondermittel bvv
Kultur,heimatgefühle at
Kultur,lumen amen
Integration,medienwerkstatt strukturfestigung
"Bürgerschaftliches Engagement, Bürgerbeteiligung",medienwerkstatt verstetigung
Soziales,integriertes stadtteilverfahren großsiedlung waldsassener straße
Stadtentwicklung,aktionsfonds beteiligung vernetzung
Wirtschaft,skills
Bildung,geschlecht gewalt genozid frau völkermord vortrag diskussionsreihe berlin
Integration,integration geflüchtet mensch
Bildung,unterstützung jugendverkehrsschulen
Arbeit,agens jobcoaching
Arbeit,ambrosiajäger
Arbeit,anleiter sozial schreibbüro
Arbeit,berliner jobcoaching agens jobcoaching
Arbeit,berliner jobcoaching geflüchtete mensch beschäftigungsmaßnahmen bjc fib
Arbeit,betreuungsassistenz ältere mensch behinderung modul ersthelferschulung
Arbeit,erweiterung angebot jugendverkehrsschulen charlottenburg wilmersdorf
Arbeit,fav beliebt platz reinickendorf barrierefrei
Arbeit,fav freizeit veranstaltungsunterstützer reinickendorf
Arbeit,fav grüner hauptwege barrierefrei tempelhof schöneberg
Arbeit,fav grüner hauptwege friedrichshain kreuzberg barrierefrei
Arbeit,fav grüner hauptwege spandau barrierefrei
Arbeit,fav interkulturelles kompetenzzentrum
Arbeit,fav lese lust reinickendorf
Arbeit,fav sauber reinickendorfer friedhof
Arbeit,fav sauberes reinickendorf nord
Arbeit,fav sauberes reinickendorf ost
Arbeit,fav unterstützung jugendverkehrsschulen charlottenburg wilmersdorf
Arbeit,fav unterstützung jugendverkehrsschulung
Arbeit,fav wegweiser mensch behinderung tsch
Arbeit,gepflegte friedhofsanlagen
Arbeit,geprüfte betreuungsfachkraft gemäß richtlinie b absatz sgb xi
Arbeit,grüner hauptwege mitte barrierefrei
Arbeit,interkulturelles kompetenzzentrum neukölln
Arbeit,lese lust
Arbeit,pflegebasiskurs beruflich praktikum prüfung pflegehelfer
Arbeit,saubere friedhof reinickendorf
Arbeit,sauber reinickendorf
Arbeit,sauber tempelhof schöneberg
Arbeit,soziale bücherbörse
Arbeit,sozial schreibbüro
Arbeit,soziales schreibbüro einführung
Arbeit,wach sicherheitsgewerbe vorbereitung sachkundeprüfung
Arbeit,agens jobcoaching ögb
Arbeit,berliner jobcoaching geflüchtete mensch beschäftigungsmaßnahmen
Arbeit,datenerhebungen thema gesundheit kultur sport
Arbeit,digitalisierung fotonachlassen
Arbeit,egz projektassistenz
Arbeit,freizeit veranstaltungsunterstützer reinickendorf
Arbeit,freizeitangebote seniorenbesuchsdienst
Arbeit,geprüfte betreuungsfachkraft gemäß richtlinie c b a. f. sgb xi
Arbeit,grüner hauptwege friedrichshain kreuzberg barrierefrei
Arbeit,grüner hauptwege spandau barrierefrei
Arbeit,helfer gewerblich technisch bereich
Arbeit,interkulturelles kompetenzzentrum
Arbeit,mobilität schaffen inklusion
Arbeit,sauber reinickendorfer friedhof
Arbeit,sauberes reinickendorf ost
Arbeit,wegweiser mensch behinderung tsch
Arbeit,wegweiser mensch behinderung friedrichshain kreuzberg barrierefrei
Arbeit,zielgruppen orientieren lernangebote jugendverkehrsschulen
Arbeit,agens bjc ögb
Arbeit,antragshilfe tempelhof schöneberg
Arbeit,barrierefreie beherbergungsbetriebe
Arbeit,beschäftigungstrainer agens
Arbeit,digitalisierung historisch ihk akte
Arbeit,gepflegte friedhof mitte
Arbeit,gepflegte friedhofsanlagen reinickendorf
Arbeit,gepflegte grünfläche reinickendorf
Arbeit,interkulturelle sprachmittlung begleitdienst
Arbeit,jobcoaching
Arbeit,naturschutz saubere gewässer
Arbeit,sauber friedhof spielplätze
Arbeit,sauber grünanlage
Arbeit,unterstützung zusätzlich lernangeboten jugendverkehrsschulen
Arbeit,vorlesedienst mitte
Arbeit,vorleseservice senior reinickendorf
Arbeit,agens bjc
Arbeit,beschäftigungstrainer agens
Arbeit,beschäftigungstrainer ii agens
Arbeit,ausstellungs veranstaltungshelfer
Arbeit,begleitservice freizeitangebote senior charlottenburg wilmersdorf
Arbeit,begleitservice freizeitangebote senior spandau
Arbeit,datenerhebungen barrierefreiheit pankow
Arbeit,erfassung aufbereitung historisch dokument landesarchiv berlin
Arbeit,erfassung aufbereitung historisch dokument landesarchiv berlin
Arbeit,erfassung aufbereitung historisch dokument landesarchiv berlin
Arbeit,erfassung aufbereitung historisch dokument landesarchiv berlin
Arbeit,erfassung aufbereitung historisch dokument zitadelle spandau
Arbeit,erfassung aufbereitung historisch dokument charlottenburg wilmersdorf
Arbeit,gepflegte grünanlage freizeitpark
Arbeit,gepflegte grünanlage mitte
Arbeit,gepflegte grünanlage reinickendorf
Arbeit,gepflegte grünanlage friedhof spielplätze
Arbeit,jugendverkehrsschulen
Arbeit,mobiles sozial schreibbüro charlottenburg wilmersdorf
Arbeit,naturschutz gewässer straßenbegleitgrün
Arbeit,soziales schreibbüro mitte
Arbeit,soziales schreibbüro tempelhof schöneberg
Arbeit,sozialwerkstatt mobiles handwerk spandau
Arbeit,vorlesedienste mitte
Arbeit,waldpflege naherholungsgebiete pankow
Arbeit,agens bjc
Arbeit,beschäftigungstrainer agens
Arbeit,soziales schreibbüro
Arbeit,datenerhebungen barrierefreiheit treptow köpenick
Arbeit,vorlesedienste mobilitätseingeschränkte senior
Integration,unterstützung geflüchtet kind jugendverkehrsschulen
Bildung,zeitzeug*innen interview lernort keibelstraße
Bildung,ausbau lernmodule lernort keibelstraße
Bildung,leben werkstattgespräch nichtkonformen lebensentwürfen kriminalisierung frau ddr
Bildung,sinti roma berlin präsenz diskriminierung verfolgung
Bildung,lernort keibelstraße
Bildung,kolonialismus aufarbeitung erinnerung berlin
Bildung,lernort keibelstraße
Bildung,werkstattgespräch weiblich devianzen jugendlich subkultur
Antidiskriminierung,webbasiertes quelle informations portal lsbti geschichte
Bildung,lernort ehemalig polizeigefängnis keibelstraße
Bildung,aktualität antiziganismus stereotyp problemlagen gegenmaßnahme
Bildung,queer history month
Bildung,queer history month
Kultur,inhaltlich erweiterung ausstellung lernort keibelstraße
Arbeit,lohnkostenzuschuss aggreda gmbh
Integration,seifit förderung polnisch community berlin erfolgreich integration arbeitsmarkt politische partizipation gesellschaft
Integration,partizipations integrationsprogramm
Bildung,polmotion bewegung polnisch frau mikroprojekte workshop
Integration,fit förderung polnisch community berlin erfolgreich integration arbeitsmarkt poltische partizipation gesellschaft
Kultur,fellowship programm weltoffenes berlin
Bildung,democratic meme factory
Bildung,polmotion bewegung polnisch frau
Kultur,bestandsoptimierungsprogramm anteilige miete
Kultur,durchführung projekt beruflich beratung unterstützung vernetzung professionelle kunst medium kulturschaffenden
Stadtentwicklung,natürliche nachbar
Integration,aufbruch
Umwelt,naturnahe pflege umweltbildung landschaftspark herzberge
Integration,effekt treibhaus chance
Jugend,interkulturelle begegnung zukunft mensch
Jugend,jugendarbeit jfe treibhaus
Kultur,entwicklung weiterführung kulturell veranstaltung kulturgut marzahn
Kultur,geschichte kunsthauses flora
Kultur,kulturell höhepunkt kulturgut dorf marzahn kulturveranstaltungen
Kultur,kunsthaus flora kulturell angebot grüne
Kultur,sicherung weiterführung kulturell veranstaltung kunsthaus flora
Stadtentwicklung,gesund isst kiez
Stadtentwicklung,stabilisierung garten begegnung miteinander grüne
Integration,masterplan integration
Jugend,bunte tour marzahn
Jugend,perspektive respekt
Jugend,spaceparade marzahn
Kultur,aufrechterhaltung lesung literarisch va peter weiss bibliothek
Kultur,fortführung jugendkunstschule berliner modell
Kultur,kinderleicht gesund
Kultur,kulturell angebot grüne
Kultur,kulturell höhepunkt kulturgut dorf marzahn
Kultur,kulturgut weiterführung kultureller angebot
Kultur,kunsthaus flora sicherung weiterführung kulturell angebot
Kultur,tarifanpassung
Stadtentwicklung,natur umwelt kreativität
Stadtentwicklung,sicher quartier barrierefrei sauber hellen
Stadtentwicklung,treffpunkt garten
Jugend,begleitung regie jugendforum marzahn
Jugend,bunte tour marzahn ` s kunterbunt
Jugend,integration partnerschaft garten begegnung
Jugend,jugendforum marzahn
Jugend,zukunft achtsamkeit
Kultur,passion for jazz kulturgut
Kultur,aufrechterhaltung dienstbetrieb kunsthaus flora
Kultur,aufrechterhaltung profilierung kulturell angebot peter weiss bibliothek
Kultur,bienengarten
Kultur,lesender bezirk
Kultur,marzahn kulturelle künstlerische vielfalt kulturgut
Kultur,zaungestaltung
Stadtentwicklung,gesund isst kiez schlusszahlung vwn
Stadtentwicklung,stabilisierung garten begegnung miteinander grüne schlusszahlung vwn
Kultur,fortführung dienstbetrieb kunsthaus flora
Kultur,kultur kunst bezirk kulturgut
Kultur,marzahner kultur kulturerlebnistage
Kultur,marzahner singen dorfanger advent weihnachtslieder
Kultur,realisierung angebot jugendkunstschule standort kulturgut kunsthaus flora
Kultur,stabilisierung kulturell angebot bezirk ehrenamtlich betriebene peter weiss bibliothek
Kultur,kulturelle angebot peter weiss bibliothek
Kultur,ankauf medium peter weiss bibliothek
Kultur,fortführung dienstbetrieb kunsthaus flora
Kultur,kulturgut alt marzahn ort kulturell künstlerisch kreativ vielfalt
Kultur,marzahner kultur kulturerlebnistage
Kultur,schutz ehrenamtliche besucher arbeit kulturgut alt marzahn
Kultur,wildwuchs umweltbildung bauerngarten
Stadtentwicklung,sichern sauber grün
Kultur,kunstprojekt dezentrale kulturarbeit
Stadtentwicklung,buntes quartier neugestaltung sonnencenter vorbereitung
Integration,nachbarschaftliches erzähl café leuchtturm
Stadtentwicklung,buntes quartier neugestaltung sonnencenter umsetzung
Umwelt,einrichtung bezirklichenkoordinierungsstelle natur umweltbildung pankow
Stadtentwicklung,rollberge aktiv kiez
Stadtentwicklung,miteinander lesen
Jugend,rollberge aktiv kiez bvv sondermittel
Stadtentwicklung,gemeinsam park
Arbeit,berliner jobcoaching jobcoach team
Arbeit,berliner jobcoaching jobcoach team
Arbeit,berliner jobcoaching jobcoach team
Arbeit,berliner jobcoaching jobcoach team
Arbeit,berliner jobcoaching jobcoaching
Arbeit,betreuung begleitung freizeitsport reinickendorf
Arbeit,fav aufarbeitung agrar hist maschine gerät spandau
Arbeit,fav bürger kieztreff rollberge
Arbeit,fav bürger kieztreff rollberge team
Arbeit,fav erhalt wegesysteme landschaftsschutz hahneberg
Arbeit,fav holz kreativwerkstatt
Arbeit,fav kiezkontakte
Arbeit,fav kiezläufer letteplatz
Arbeit,fav kiezläufer quartiersgebiet letteplatz
Arbeit,fav kultur gemeinsam erleben
Arbeit,fav landschaftsentwicklung gutspark neu kladow
Arbeit,fav märchenstube tempelhof
Arbeit,fav natur kunstführer spandau
Arbeit,fav natur umweltführer kunst freiraum spandau
Arbeit,fav natur umweltschutz reinickendorf
Arbeit,fav natur umweltschutz reinickendorf
Arbeit,fav natur umweltschutz reinickendorf team
Arbeit,fav sozial bücherstube begegnungs kommunikationsort
Arbeit,fav sozial selbsthilfewerkstatt nähstube
Arbeit,fav sozial selbsthilfewerkstatt nähstube team
Arbeit,fav sportbetreuer
Arbeit,fav sportbetreuer freizeitsport team
Arbeit,fav umweltbüro friedrichshain kreuzberg
Arbeit,fav umweltbüro umweltführer
Arbeit,gesund ernährung
Arbeit,holz kreativwerkstatt
Arbeit,interkulturelle begegnungsstätte volkspark friedrichshain
Arbeit,jobcoaching
Arbeit,jobcoaching
Arbeit,jobcoaching
Arbeit,ma projektmanagement
Arbeit,märchenkulissen requisite
Arbeit,märchenstube neukölln
Arbeit,nähstube selbsthilfewerkstatt
Arbeit,reinickendorfer beschäftigungswerkstatt
Arbeit,schüler weinberg
Arbeit,team natur umweltschutz bezirk reinickendorf
Arbeit,team rollberge
Arbeit,tierhof marzahn iga
Arbeit,unterstützung veranstaltungsmanagement kulturgut
Arbeit,aufarbeitung agrar hist maschine gerät spandau
Arbeit,ausstellungsservice bezirksmuseum
Arbeit,ausstellungsservice galerie m
Arbeit,baumbibliothek landschaftspark herzberge
Arbeit,berliner jobcoaching ögb team
Arbeit,beschäftigungsinitiative selbsthilfewerkstatt reinickendorf
Arbeit,botanisch küche gesunden ernährung kind jugendliche
Arbeit,bürger kieztreff rollberge
Arbeit,bürger kieztreff rollberge team
Arbeit,historisch handwerksschau
Arbeit,historisch maschine gerät
Arbeit,jobcoaching
Arbeit,jobcoaching
Arbeit,jobcoaching
Arbeit,jobcoaching
Arbeit,kiezläufer letteplatz
Arbeit,kulturell vielfalt gemeinsam erleben
Arbeit,lsk britzer weinkultur neugestaltung veranstaltungskomplex
Arbeit,lsk lehrpfad umweltbüro pankow
Arbeit,lsk bienenstaat imkerei biene aktivlehrpfad
Arbeit,natur kunst freiraum spandau
Arbeit,natur kunstführer spandau
Arbeit,natur landschaftsschutz kommunal grünfläche
Arbeit,natur umweltschutz reinickendorf
Arbeit,natur umweltschutz reinickendorf team
Arbeit,peb lichtenberger xylothek
Arbeit,reparieren wegschmeißen
Arbeit,schau erlebniswelt natur
Arbeit,sozial selbsthilfewerkstatt nähstube
Arbeit,sozial selbsthilfewerkstatt nähstube team
Arbeit,sportbetreuer
Arbeit,strandbad rahnsdorf vergangenheit gegenwart zukunft
Arbeit,beschäftigungstrainer
Arbeit,grünes klassenzimmer
Arbeit,jobcoaching
Arbeit,jobcoaching
Arbeit,jobcoaching
Arbeit,jobcoaching
Arbeit,keramik
Arbeit,keramikwerkstatt unterstützung sozial kulturell einrichtung marzahn hellersdorf
Arbeit,lsk rinderweide zingster straße
Arbeit,lsk unterstützung sozial integration bedarfsgerechte angebot rollbergkiez
Arbeit,team junger jazz
Arbeit,umweltbildung umweltbüro pankow
Arbeit,umweltbüro friedrichshain kreuzberg
Arbeit,umweltführer mitte
Arbeit,jobcoaching
Arbeit,jobcoaching
Arbeit,jobcoaching
Arbeit,jobcoaching
Arbeit,bauernhof stadt
Arbeit,betreuung strandbad müggelsee
Arbeit,gartenteam alt marzahn
Arbeit,gartenteam britzer weinkultur
Arbeit,gesund ernährung reinickendorf
Arbeit,gesund küche kinderleicht
Arbeit,kreativwerkstatt marzahn
Arbeit,kunst kultur reinickendorf
Arbeit,kuturunterstützung alt marzahn
Arbeit,logistikteam tierhof alt marzahn
Arbeit,reinickendorf kreativ
Arbeit,reinickendorf kreativ stärkung kultur kreativwirtschaft
Arbeit,selbsthilfewerkstatt reinickendorf
Arbeit,serviceteam xylothek
Arbeit,sportbetreuer freizeitsport
Arbeit,stadtoasen angerdorf marzahn
Arbeit,technikteam alt marzahn
Arbeit,umweltbildung pankow
Arbeit,unterstützung bürgernaher kulturangebote
Arbeit,beschäftigungstrainer
Arbeit,jobcoaching
Arbeit,jobcoaching
Arbeit,jobcoaching
Arbeit,city lotse*in
Arbeit,lotsendienste thp
Umwelt,bildungsgarten grün klassenzimmer
Umwelt,blick tiefe mikroskopieren natur
Umwelt,schaubereich natur raum
Umwelt,einrichtung koordinierungsstelle umweltbildung bezirk pankow
Wirtschaft,dlg feldtage brockhof erwitte lippstadt nrw
Wirtschaft,teilnahme hannover messe industrie
"Kirchen, Religions-, Weltanschauungsgemeinschaften",mitfinanzierung denkmalgerechten sanierung fassade innenraumes imamhauses innenraumes wilmersdorfer moschee rate
Denkmalschutz,sanierung dachflächen fassade ziermauern brienner str.
Denkmalschutz,immanhaus brienner str. denkmalgerechte fenster fassadensanierung
Denkmalschutz,wilmersdorfer moschee denkmalgerechte instandsetzung innenraum moschee imamhaus brienner straße berlin
"Kirchen, Religions-, Weltanschauungsgemeinschaften",teilsicherung sozial integrativ religionsübergreifenden projektarbeit religiös weltanschaulich tätig gemeinschaft
Denkmalschutz,denkmalgerechte dachsanierung brienner straße
Bildung,beschaffung lernmittel schülerin schüler fachschule heilerziehungspflege
Sport,allgemeine verbandszuwendungen
Sport,zuwendung sportlich aufgabe
Sport,zuwendung sportlich aufgabe
Wirtschaft,entwicklung verfahren identifikation fehlberechtigungen microsoft berechtigungssystemen
Wirtschaft,internationalisierung predictive parking service aipark
Wirtschaft,projekt automatisieren erzeugung straßenparkflächen basieren straßenkarten
Wirtschaft,entwicklung bewertungsmethoden analyse luftfahrthindernissen flugplatznahbereich grundlage neu flächenbewertungssysteme icao anpassung erweiterung lehrgangsinhalte hindernisuntersuchungen
Wirtschaft,entwicklung innovativ ansatz berücksichtigung modern triebwerkstechnologien planung bewertung triebwerktestlaufeinrichtungen flugplätzen berechnung lärm schadstoffemissionen flugplatznahbereich
Wirtschaft,entwicklung technisch lösungsansätze einsatz flugsimulationstechnologien durchführung sicherheitsbewertungen luftfahrtbereich
Wirtschaft,roof inspector software
Wirtschaft,roof inspector technologie
Wirtschaft,coaching
Gesundheit,kontakt beratungsstelle transit psychisch kranken
Gesundheit,zuverdienstprojekt kreuzberg
Gesundheit,kontakt beratungsstelle transit psychisch kranken jugendberufsagentur
Gesundheit,kontakt beratungsstelle transit psychisch kranken mobil kbs flüchtlingsarbeit
Gesundheit,zuverdienstzentrale kunstausstellung zuverdienste kreativgruppen psychosozial träger friedrichshain kreuzberg modellprojekt temporär zuverdienstplätze zuverdienst ajb einsatzort prinzessinnengärten
Kultur,malereiprojekt
Soziales,eigeninitiative selbsthilfekontaktstelle treptow köpenick
Soziales,kontaktstelle pflegeengagement treptow köpenick
Pflege,kontaktstelle pflegeengagement treptow köpenick
Soziales,eigeninitiative selbsthilfezentrum treptow köpenick
Umwelt,umweltbildungskonzept zukünftig naturerfahrungsraum volkspark jungfernheide
Arbeit,ajb jobcoach
Arbeit,erlebniswelt tier natur jungfernheidepark fav
Arbeit,peb neues wagen integrationsgarten jungfernheide
Arbeit,stark sozial teilhabe
Soziales,deli social
Gesundheit,zuverdienst arbeit geflüchtete zuverdienst psychisch suchtkrank mensch
Gesundheit,beratung jugendberufsagentur
Gesundheit,zuverdienstprojekt kreuzberg arbeit geflüchtete zuverdienst psychisch suchtkrank mensch
Jugend,zeitzeugen leben ddr
Gesundheit,schaffung bereitstellung zuverdienstmöglichkeiten psychisch suchtkrank junge erwachsene neukölln
Gesundheit,aufbau kontakt beratungsstelle mensch psychisch erkrankung bezirk neukölln
Gesundheit,kontakt beratungsstelle mensch psyischer erkrankung bezirk neukölln
Gesundheit,zuverdienst geflüchteter bezirk neukölln neukölln
Stadtentwicklung,fein einzelmaßnahme zaunfotoprojekt_ajb gmbh
Gesundheit,gruppenraumausstattung kbs treptow
Gesundheit,personal u. sachkosten kbs
Gesundheit,personal u. sachkosten kbs flüchtlingsarbeit
Gesundheit,personal u. sachkosten zuverdienstwerkstatt
Gesundheit,personal u. sachkosten kbs
Gesundheit,personal u. sachkosten kbs flüchtlingsarbeit
Gesundheit,personal u. sachkosten zuverdienstwerkstatt
Gesundheit,personal sachkosten kbs
Gesundheit,personal sachkosten kbs flüchtlingsarbeit
Gesundheit,personal sachkosten zuverdienstwerkstatt
Gesundheit,personal sachkosten zuverdienstwerkstatt flüchtlingsarbeit
Gesundheit,verbesserung kbs angebot
Gesundheit,personal u. sachkosten kbs flüchtlingsarbeit
Gesundheit,personal u. sachkosten zuverdienst flüchtlingsarbeit
Arbeit,berliner jobcoaching ajb jobcoach
Arbeit,fav erlebniswelt tier natur jungfernheidepark fav
Soziales,deli plus förderschwerpunkt
Soziales,selbsthilfekontaktstelle treptow köpenick
Soziales,eigeninitiative selbsthilfekontaktstelle treptow köpenick
Arbeit,erlebniswelt tier natur jungfernheidepark
Arbeit,kunst fassade
Arbeit,lkz handwerk
Arbeit,möbelservice bedürftiger
Soziales,berta
Soziales,deli active
Soziales,selbsthilfezentrum köpenick treptow eigeninitiative
Stadtentwicklung,elterncafè bildungszentrum
"Bürgerschaftliches Engagement, Bürgerbeteiligung",fein einzelmaßnahme entwicklung foto ausstellung nachbarschaftsgarten portrait mensch neukölln umgebung
Kultur,elemental gestures terry fox archiv reenactment
Kultur,digitalisierung onlinestellung ausstellungskataloge preußische akademie kunst berlin
Kultur,kontakte
Denkmalschutz,sanierung vorplatzes
Stadtentwicklung,vorbereitung durchführung international fachtagung moderne neu denken architektur städtebau jahrhundert avantgarde tradition
Kultur,mitfinanzierung architektur ausstellung otto bartning leben werk begleitsymposiums anlässlich jubiläum berliner interbau
Arbeit,aje
Arbeit,bapp gewerblich
Arbeit,bvbo hecker
Arbeit,bvbo sartre
Arbeit,bvbo sartre
Arbeit,bvbo sartre
Arbeit,bvbo sartre
Arbeit,bvbo sartre
Arbeit,bvbo wachsmann
Arbeit,bvbo wachsmann
Arbeit,bvbo hecker
Arbeit,bvbo hecker
Arbeit,bvbo kerschensteiner
Arbeit,bvbo kerschensteiner
Arbeit,bvbo kerschensteiner
Arbeit,bvbo mozart
Arbeit,bvbo mozart
Arbeit,bvbo mozart
Arbeit,bvbo piaget
Arbeit,bvbo virchow
Arbeit,bvbo virchow
Arbeit,bvbo virchow
Arbeit,bvbo virchow
Arbeit,bvbo wachsmann
Arbeit,bvbo friedrich
Arbeit,bvbo hecker
Arbeit,bvbo sartre
Arbeit,bvbo sartre
Arbeit,bvbo sartre
Arbeit,bvbo sartre
Arbeit,bvbo wachsmann
Arbeit,bvbo wachsmann
Arbeit,bvbo hecker abu
Arbeit,bvbo mozart bib
Arbeit,bvbo mozart bib
Arbeit,bvbo mozart bib
Arbeit,bvbo sartre schuleplus
Arbeit,bvbo virchow qeu
Arbeit,bvbo virchow qeu
Arbeit,bvbo virchow qeu
Arbeit,bvbo wachsmann abu
Arbeit,bvbo wachsmann abu
Arbeit,bvbo wachsmann abu
Arbeit,café it works out integrations workshop orientierung training
Arbeit,anschluss+ abu ggmbh
Arbeit,berufswegecoaching anschluss+
Arbeit,bvbo friedrich abu
Arbeit,bvbo kerschensteiner abu
Arbeit,bvbo sartre sb
Arbeit,bvbo kerschensteiner m + studio b
Arbeit,bvbo kerschensteiner m + studio b
Arbeit,bvbo mozart m brückner
Arbeit,bvbo mozart m + brückner
Arbeit,bvbo mozart m brückner
Arbeit,bvbo piaget m + abu
Arbeit,bvbo sartre m studio b
Arbeit,bvbo virchow m abu
Arbeit,bvbo virchow m abu
Arbeit,bvbo virchow m abu
Arbeit,bvbo wachsmann m abu
Arbeit,bvbo wachsmann m + abu
Arbeit,bvbo wachsmann m abu
Arbeit,bvbo kerschensteiner abu
Arbeit,bvbo nagel abu
Arbeit,bvbo sartre abu
Arbeit,bvbo sartre abu
Arbeit,bvbo sartre m studio b
Arbeit,bapp koch köchin corona aufstockung
Arbeit,fav initiative kulturarbeit akademie historische aufführungspraxis e. v.
Arbeit,initiative kulturarbeit akademie historische aufführungspraxis e. v.
Bildung,beschaffung lernmittel schülerin schüler afib
Pflege,ausbildung pflegefachfrau pflegefachmann
Sport,neubau sanitärräumen dame
Sport,austausch anbindepfählen holzteilen steganlagen
Sport,austausch dacheindeckung
Bildung,politischer salon
Frauen,mehraufwand akelei eingetragen verein
Frauen,zukunftsplanung frau existenzgründungsbereich
Gleichstellung,projektverwaltung abwicklung öffentlichkeitsarbeit
Gleichstellung,frau existenzgründungskurse existenzgründungskurse gründerinnen selbständige frau
Gleichstellung,frau ouq it know how wiedereinstieg
Gleichstellung,existenzgründungskurse gründerinnen selbständige frau
Gleichstellung,goldrausch künstlerinnenprojekt
Arbeit,lohnkostenzuschuss akineum gmbh
Wissenschaft,programm virtual campus coronabedingte technikausstattung
Arbeit,lohnkostenzuschuss akkordio e. k.
Wirtschaft,design aufbau data vaults
Wirtschaft,entwicklung markteinführung viral score
Wirtschaft,forschungsarbeiten viral score
Wirtschaft,einführung qualitätssicherung data engineering
Wirtschaft,empfehlungsstrategien
Wirtschaft,empfehlungsstrategien
Gesundheit,vorbereitung erarbeitung integrationsleitbildes
Antidiskriminierung,landeskoordination schule rassismus schule courage berlin
Antidiskriminierung,landeskoordination schule rassismus schule courage
Antidiskriminierung,landeskoordination schule rassismus schule courage berlin
Kultur,berlin human rights film festival
Kultur,hrffb forum
Soziales,freizeitclub treitschkestr
Soziales,lotse berlin region süd west
Soziales,lotse berlin beratung orientierung vermittlung unterstütztes wohnen volljährig mensch behinderung
Soziales,freizeitclub
Soziales,lotse berlin beratung orientierung vermittlung unterstütztes wohnen volljährig mensch behinderung
Wirtschaft,bundesweite rundreise indisch agrar aktivist dr. ramanjaneyulu
Gesundheit,präventionsarbeit
Bildung,begleitprogramm didaktische handreichung ausstellung extrem gegenwehr berlin
Kultur,verwendung satzungsgemäße aufgabe
Kultur,verwendung satzungsgemäße aufgabe aufgabe koordinierungsstelle stolperstein
Kultur,niemandsland ausweisung polnisch jüdin jude berlin oktober
Kultur,niemandsland ausweisung polnisch jüdin jude berlin oktober
Kultur,gedenktafel
Kultur,ersatztafel fritz kreisler
Kultur,gedenktafel heinz brandt
Kultur,konzeptentwicklung kompetenzstelle historische stadtmarkierungen
Kultur,gedenktafel f. elsass u. l. mehlhorn
Kultur,gedenktafel lotte eisner erna lugebiel erich kästner
Kultur,vorbereitend maßnahme einrichtung koordinierungsstelle historisch stadtmarkierungen
Soziales,fluchtwohnung spandau
Wirtschaft,durchführung betreuung pilotprojekten anlagen
Wirtschaft,entwicklung hybridwasseraufbereitungsverfahrens flotation filtration lagerstättenwasser raffinerieabwasser
Wirtschaft,entwicklung hybridwasseraufbereitungsverfahrens flotation filtration lagerstättenwasser raffinerieabwasser
Wirtschaft,produktdesign akvofloat
Wirtschaft,ifat münchen
Jugend,stadtteilorientierte arbeit kind jugendliche
Jugend,hallenzelte goldbeckweg masterplan integration sicherheit
Jugend,solaranlage goldbeckweg masterplan integration sicherheit
Jugend,wochenend öffnung jfe haveleck goldbeckweg
Jugend,arbeit geflüchteten mensch
Jugend,arbeit jugendlich geflüchtete familie
"Sicherheit, Ordnung",streetwork@online.de
Wirtschaft,aufbau erweitern analytisch plattform vergleich leistung akademisch labore entwickeln speziell student naturwissenschaften
Wirtschaft,betriebsverlagerung
Sport,projekt integration geflüchtete berliner basketballsport
Sport,koordination nachhaltig etablierung sportbetonten bildungsverbundes wedding
Sport,sportbetonter kooperationsverbund alba > wedding moabit
Sport,aufbau kooperation bildungseinrichtungen sport
Sport,aufbau kooperation bildungseinrichtungen sport
Bildung,alba gropiusstadt koordination kooperationsverbund
Stadtentwicklung,alba schule kiez iii
Bildung,albas tägliche sportstunde
Sport,teilhabeprogramm alba schulschiedsrichter
Sport,masterplan integration geflüchtete berliner basketballsport
Sport,teilhabeprogramm personal sachkosten projekt alba schulschiedsrichter kiezhelden
Sport,anteilige finanzierung übungs lehr wettkampfbetriebes jugendabteilung basketball
Sport,gesamtkonzept geflüchteter
Umwelt,studie netzdienliche integration hybrid entsorgungsfahrzeuge
Jugend,unterstützung aktionsprogramm gesundheit apk)/aufbau konsultationskita wortschmiede
Arbeit,barrierefrei leben berlin
Arbeit,informations auskunftsservice hilfelotse mobidat
Arbeit,besuch /betreuungsdienst
Arbeit,gestärkt vernetzt engagement
Arbeit,elternlotsen eltern kind projekt
Arbeit,fav informations auskunftsservice hilfelotse mobidat
Kultur,kunsthaus hohenschönhausen
Gesundheit,zuwendung erwerb mobil soccer arena
Familie,bolzplatz zobeltitzstraße
Jugend,bolzplatzbetreuung klix arena
Integration,integrationslotsen reinickendorf
Arbeit,lernwerkstatt
Integration,umsetzung landesrahmenprogramms integrationslots*innen berlin
Gleichstellung,frau buch
Gleichstellung,interkultureller frauentreff
Gleichstellung,koordinierungsstelle gesundheitsförderung
Gleichstellung,koordinierungsstelle gesundheitsförderung mädchen frau
Stadtentwicklung,infrastrukturstärkung tempohomes
Stadtentwicklung,verbesserung wohnklimas tempohome
Gesundheit,psychosoziale kontakt beratungsstelle blaue lade
Gesundheit,zuverdienstwerkstatt lichtenberg
Frauen,frauenberatung berta buch
Gesundheit,bewegungsförderung buch karow
Gesundheit,kontakt beratungsstelle pankow
Gesundheit,psychosoziale versorgung geflüchtet mensch pankow rahmen kontakt beratungsstelle
Gesundheit,zuverdienst pankow
Jugend,abenteuerspielplatz inge
Soziales,anlaufstelle willkommenskultur stadtteilzentrum turm busonistraße berlin karow
Soziales,stadtteilzentrum turm selbsthilfe beratungsstätte stadtteilzentrum bucher bürgerhaus
Soziales,anlaufstelle geflüchteter berlin buch
Soziales,bucher bürgerhaus selbsthilfe stadtteilzentrum verbindung seniorentreff
Soziales,stadtteilzentrum turm selbsthilfe beratungsstätte busonistraße
Gesundheit,ausbildung /zur kiezübungsleiter*in bezirk pankow ot buch
Gesundheit,gesundheitlich versorgung geflüchtet mensch land berlin rahmen zuverdienst pankow
Jugend,verstetigung sofortmaßnahmen junge geflüchteter
Soziales,bucher bürgerhaus selbsthilfe un stadtteilzentrum i. v.m seniorentreff
Gesundheit,gesundheitlich versorgung geflüchtet mensch land berlin rahmen zuverdienst
Jugend,offen sportorientierte jugendarbeit junge geflüchteter umfeld unterkunft
Soziales,bucher bürgerhaus selbsthilfe stadtteilzentrum i.v. m. seniorentreff franzen schmidt straße berlin
Soziales,stadtteilzentrum turm busonistraße berlin
Stadtentwicklung,integratives nachbarschafts vernetzungsangebot buch
Gesundheit,laufend personal sachkosten kontakt beratungsstelle kbs bereich tageszentren sterkrader straße berlin waidmannsluster damm berlin
Gesundheit,laufend personal sachkosten textilwerkstatt zuverdienstgemeinschaft brunowstraße berlin
Gesundheit,stärkung psychistrischen versorgung geflüchtet mensch bereich kontakt beratungsstelle
Gesundheit,zuschuss trainingslager mensch psychisch beeinträchtigung
Gesundheit,zuschuss wanderreise mensch psychisch beeinträchtigung
Gesundheit,zuwendung integrativ sportfest mensch psychisch beeinträchtigung
Integration,ehap neu nachbarschaft teilprojekt nachbar reinickendorf west förderzeitraum
Jugend,externe koordinierungs fachstelle
Jugend,interkultureller mädchentreff
Jugend,jugendarbeit schule hermann schulz grundschule
Jugend,jugendforum jugendfonds
Jugend,jugendforum jugendfonds
Jugend,mehrgenerationenhaus ii
Jugend,sofortmaßnahme junge geflüchtete mensch interkulturell mädchentreff
Jugend,sozialpädagogisches lerntraining hausaufgabenhilfe interkulturell mädchentreff
Jugend,sozpäd gruppenarbeit interkulturelle mädchentreff
Integration,berratung familiennachzug geflüchtete i. r masterplan integration
Jugend,demokratie leben weltreise albatros
Jugend,demokratie leben fachtag indenität
Jugend,demokratie leben frauenreise
Jugend,flüchtlingsarbeit interkultureller mädchentreff
Jugend,jugendforum jugendfonds i
Jugend,jugendforum jugendfonds ii
Jugend,sozpädagpgische gruppenarbeit interkulturelle mädchentreff
Familie,kofi bundesprogramm mehrgenerationenhaus ii
Frauen,bundesprogramm demokratie begegnung austausch yoga
Gesundheit,bewegung gesundheit tegel süd
Gesundheit,stärkung psychistrischen versorgung geflüchtet mensch bereich zuverdienst
Jugend,bundesprogramm demokratie forum
Jugend,bundesprogramm demokratie forum
Jugend,bundesprogramm demokratie forum
Jugend,bundesprogramm demokratie interkulturelles fußballtraining
Jugend,bundesprogramm demokratie kind bvv reinickendorf
Jugend,bundesprogramm demokratie leben kuf
Jugend,kofi bundesprogramm demokratie forum
Jugend,kofi bundesprogramm demokratie forum
Jugend,kofi bundesprogramm demokratie forum
Jugend,kofi bundesprogramm demokratie interkulturelles fußballtraining
Jugend,kofi bundesprogramm demokratie kind bvv reinickendorf
Jugend,kofi bundesprogramm demokratie leben kuf
Jugend,theater&empowerment ws geflüchtete mädchen
Jugend,willkommen mädchentreff
Stadtentwicklung,elterntreff programm sozial stadt
